{"errors":[],"warnings":[],"namedChunkGroups":{"app":{"chunks":[19,3],"assets":["webpack-runtime-604865ef3d8a49bd72ef.js","webpack-runtime-604865ef3d8a49bd72ef.js.map","app-8e71f21660cb56e7db0b.js","app-8e71f21660cb56e7db0b.js.map"],"children":{},"childAssets":{}},"component---src-pages-404-js":{"chunks":[0,1,4],"assets":["0-5e9d4b18b4a2b714484e.js","0-5e9d4b18b4a2b714484e.js.map","1.075614c8ca96a7094b1d.css","1-d5e768d47567e68b6b09.js","1-d5e768d47567e68b6b09.js.map","component---src-pages-404-js-b30dc4babe671f6ba7c3.js","component---src-pages-404-js-b30dc4babe671f6ba7c3.js.map"],"children":{},"childAssets":{}},"component---src-pages-contact-us-js":{"chunks":[0,1,5],"assets":["0-5e9d4b18b4a2b714484e.js","0-5e9d4b18b4a2b714484e.js.map","1.075614c8ca96a7094b1d.css","1-d5e768d47567e68b6b09.js","1-d5e768d47567e68b6b09.js.map","component---src-pages-contact-us-js-10d724cb4b060a565eb1.js","component---src-pages-contact-us-js-10d724cb4b060a565eb1.js.map"],"children":{},"childAssets":{}},"component---src-pages-contact-js":{"chunks":[0,1,6],"assets":["0-5e9d4b18b4a2b714484e.js","0-5e9d4b18b4a2b714484e.js.map","1.075614c8ca96a7094b1d.css","1-d5e768d47567e68b6b09.js","1-d5e768d47567e68b6b09.js.map","component---src-pages-contact-js-6a8033d37bfccb8730ac.js","component---src-pages-contact-js-6a8033d37bfccb8730ac.js.map"],"children":{},"childAssets":{}},"component---src-pages-download-js":{"chunks":[0,1,7],"assets":["0-5e9d4b18b4a2b714484e.js","0-5e9d4b18b4a2b714484e.js.map","1.075614c8ca96a7094b1d.css","1-d5e768d47567e68b6b09.js","1-d5e768d47567e68b6b09.js.map","component---src-pages-download-js-a4aca54fae2e1e41eb48.js","component---src-pages-download-js-a4aca54fae2e1e41eb48.js.map"],"children":{},"childAssets":{}},"component---src-pages-faq-js":{"chunks":[0,2,1,8],"assets":["0-5e9d4b18b4a2b714484e.js","0-5e9d4b18b4a2b714484e.js.map","2-09d11a915b24e72a634a.js","2-09d11a915b24e72a634a.js.map","1.075614c8ca96a7094b1d.css","1-d5e768d47567e68b6b09.js","1-d5e768d47567e68b6b09.js.map","component---src-pages-faq-js.c1d78974e1ddec185ad0.css","component---src-pages-faq-js-447868d565fb3ea3719e.js","component---src-pages-faq-js-447868d565fb3ea3719e.js.map"],"children":{},"childAssets":{}},"component---src-pages-faqs-js":{"chunks":[0,2,1,9],"assets":["0-5e9d4b18b4a2b714484e.js","0-5e9d4b18b4a2b714484e.js.map","2-09d11a915b24e72a634a.js","2-09d11a915b24e72a634a.js.map","1.075614c8ca96a7094b1d.css","1-d5e768d47567e68b6b09.js","1-d5e768d47567e68b6b09.js.map","component---src-pages-faqs-js.c1d78974e1ddec185ad0.css","component---src-pages-faqs-js-f90dbe713c6d905c726c.js","component---src-pages-faqs-js-f90dbe713c6d905c726c.js.map"],"children":{},"childAssets":{}},"component---src-pages-fit-squad-js":{"chunks":[0,1,10],"assets":["0-5e9d4b18b4a2b714484e.js","0-5e9d4b18b4a2b714484e.js.map","1.075614c8ca96a7094b1d.css","1-d5e768d47567e68b6b09.js","1-d5e768d47567e68b6b09.js.map","component---src-pages-fit-squad-js.5cd4fb105d94a3a60c6a.css","component---src-pages-fit-squad-js-26b47617255ca28c40b3.js","component---src-pages-fit-squad-js-26b47617255ca28c40b3.js.map"],"children":{},"childAssets":{}},"component---src-pages-how-to-refer-js":{"chunks":[0,1,11],"assets":["0-5e9d4b18b4a2b714484e.js","0-5e9d4b18b4a2b714484e.js.map","1.075614c8ca96a7094b1d.css","1-d5e768d47567e68b6b09.js","1-d5e768d47567e68b6b09.js.map","component---src-pages-how-to-refer-js.5b76bb021c7272808e70.css","component---src-pages-how-to-refer-js-a03421315db4cdc41b38.js","component---src-pages-how-to-refer-js-a03421315db4cdc41b38.js.map"],"children":{},"childAssets":{}},"component---src-pages-index-js":{"chunks":[0,1,12],"assets":["0-5e9d4b18b4a2b714484e.js","0-5e9d4b18b4a2b714484e.js.map","1.075614c8ca96a7094b1d.css","1-d5e768d47567e68b6b09.js","1-d5e768d47567e68b6b09.js.map","component---src-pages-index-js.6efe3c4bddc212777980.css","component---src-pages-index-js-b987e2d00462108d0542.js","component---src-pages-index-js-b987e2d00462108d0542.js.map"],"children":{},"childAssets":{}},"component---src-pages-partners-js":{"chunks":[0,2,1,13],"assets":["0-5e9d4b18b4a2b714484e.js","0-5e9d4b18b4a2b714484e.js.map","2-09d11a915b24e72a634a.js","2-09d11a915b24e72a634a.js.map","1.075614c8ca96a7094b1d.css","1-d5e768d47567e68b6b09.js","1-d5e768d47567e68b6b09.js.map","component---src-pages-partners-js.1e7cf05b8c6d186c6014.css","component---src-pages-partners-js-10389390ad31d789189a.js","component---src-pages-partners-js-10389390ad31d789189a.js.map"],"children":{},"childAssets":{}},"component---src-pages-privacy-policy-js":{"chunks":[0,1,14],"assets":["0-5e9d4b18b4a2b714484e.js","0-5e9d4b18b4a2b714484e.js.map","1.075614c8ca96a7094b1d.css","1-d5e768d47567e68b6b09.js","1-d5e768d47567e68b6b09.js.map","component---src-pages-privacy-policy-js-926785fb4dec6ed5233b.js","component---src-pages-privacy-policy-js-926785fb4dec6ed5233b.js.map"],"children":{},"childAssets":{}},"component---src-pages-purchase-fitato-js":{"chunks":[0,1,15],"assets":["0-5e9d4b18b4a2b714484e.js","0-5e9d4b18b4a2b714484e.js.map","1.075614c8ca96a7094b1d.css","1-d5e768d47567e68b6b09.js","1-d5e768d47567e68b6b09.js.map","component---src-pages-purchase-fitato-js-66d98fefa779bd17ee2a.js","component---src-pages-purchase-fitato-js-66d98fefa779bd17ee2a.js.map"],"children":{},"childAssets":{}},"component---src-pages-reviews-js":{"chunks":[0,1,16],"assets":["0-5e9d4b18b4a2b714484e.js","0-5e9d4b18b4a2b714484e.js.map","1.075614c8ca96a7094b1d.css","1-d5e768d47567e68b6b09.js","1-d5e768d47567e68b6b09.js.map","component---src-pages-reviews-js.e703cb24eab59f98249e.css","component---src-pages-reviews-js-f648d107cd410303305e.js","component---src-pages-reviews-js-f648d107cd410303305e.js.map"],"children":{},"childAssets":{}},"component---src-pages-thank-you-js":{"chunks":[0,1,17],"assets":["0-5e9d4b18b4a2b714484e.js","0-5e9d4b18b4a2b714484e.js.map","1.075614c8ca96a7094b1d.css","1-d5e768d47567e68b6b09.js","1-d5e768d47567e68b6b09.js.map","component---src-pages-thank-you-js-02336afeadfbc7e2b95f.js","component---src-pages-thank-you-js-02336afeadfbc7e2b95f.js.map"],"children":{},"childAssets":{}}},"assetsByChunkName":{"app":["webpack-runtime-604865ef3d8a49bd72ef.js","app-8e71f21660cb56e7db0b.js"],"component---src-pages-404-js":["0-5e9d4b18b4a2b714484e.js","1.075614c8ca96a7094b1d.css","1-d5e768d47567e68b6b09.js","component---src-pages-404-js-b30dc4babe671f6ba7c3.js"],"component---src-pages-contact-us-js":["0-5e9d4b18b4a2b714484e.js","1.075614c8ca96a7094b1d.css","1-d5e768d47567e68b6b09.js","component---src-pages-contact-us-js-10d724cb4b060a565eb1.js"],"component---src-pages-contact-js":["0-5e9d4b18b4a2b714484e.js","1.075614c8ca96a7094b1d.css","1-d5e768d47567e68b6b09.js","component---src-pages-contact-js-6a8033d37bfccb8730ac.js"],"component---src-pages-download-js":["0-5e9d4b18b4a2b714484e.js","1.075614c8ca96a7094b1d.css","1-d5e768d47567e68b6b09.js","component---src-pages-download-js-a4aca54fae2e1e41eb48.js"],"component---src-pages-faq-js":["0-5e9d4b18b4a2b714484e.js","2-09d11a915b24e72a634a.js","1.075614c8ca96a7094b1d.css","1-d5e768d47567e68b6b09.js","component---src-pages-faq-js.c1d78974e1ddec185ad0.css","component---src-pages-faq-js-447868d565fb3ea3719e.js"],"component---src-pages-faqs-js":["0-5e9d4b18b4a2b714484e.js","2-09d11a915b24e72a634a.js","1.075614c8ca96a7094b1d.css","1-d5e768d47567e68b6b09.js","component---src-pages-faqs-js.c1d78974e1ddec185ad0.css","component---src-pages-faqs-js-f90dbe713c6d905c726c.js"],"component---src-pages-fit-squad-js":["0-5e9d4b18b4a2b714484e.js","1.075614c8ca96a7094b1d.css","1-d5e768d47567e68b6b09.js","component---src-pages-fit-squad-js.5cd4fb105d94a3a60c6a.css","component---src-pages-fit-squad-js-26b47617255ca28c40b3.js"],"component---src-pages-how-to-refer-js":["0-5e9d4b18b4a2b714484e.js","1.075614c8ca96a7094b1d.css","1-d5e768d47567e68b6b09.js","component---src-pages-how-to-refer-js.5b76bb021c7272808e70.css","component---src-pages-how-to-refer-js-a03421315db4cdc41b38.js"],