{"errors":[],"warnings":[],"namedChunkGroups":{"app":{"chunks":[23,3],"assets":["webpack-runtime-2f0d09a9ba921b359194.js","webpack-runtime-2f0d09a9ba921b359194.js.map","app-1d204f174beb86c5ee25.js","app-1d204f174beb86c5ee25.js.map"],"children":{},"childAssets":{}},"component---src-pages-404-js":{"chunks":[0,1,4],"assets":["0-855b300d0773e3f961c8.js","0-855b300d0773e3f961c8.js.map","1.45145e64dcda9ec3edf8.css","1-04c94c2d99dbe32175d6.js","1-04c94c2d99dbe32175d6.js.map","component---src-pages-404-js-6ba92d3c975a5c861ba4.js","component---src-pages-404-js-6ba92d3c975a5c861ba4.js.map"],"children":{},"childAssets":{}},"component---src-pages-be-a-champion-js":{"chunks":[0,1,5],"assets":["0-855b300d0773e3f961c8.js","0-855b300d0773e3f961c8.js.map","1.45145e64dcda9ec3edf8.css","1-04c94c2d99dbe32175d6.js","1-04c94c2d99dbe32175d6.js.map","component---src-pages-be-a-champion-js.6309c7554b7ddf5732b8.css","component---src-pages-be-a-champion-js-156d9054d6bc66fb9661.js","component---src-pages-be-a-champion-js-156d9054d6bc66fb9661.js.map"],"children":{},"childAssets":{}},"component---src-pages-community-js":{"chunks":[0,1,6],"assets":["0-855b300d0773e3f961c8.js","0-855b300d0773e3f961c8.js.map","1.45145e64dcda9ec3edf8.css","1-04c94c2d99dbe32175d6.js","1-04c94c2d99dbe32175d6.js.map","component---src-pages-community-js.af9a455d932a77d76b08.css","component---src-pages-community-js-5635084442722a602bdd.js","component---src-pages-community-js-5635084442722a602bdd.js.map"],"children":{},"childAssets":{}},"component---src-pages-contact-us-js":{"chunks":[0,1,8],"assets":["0-855b300d0773e3f961c8.js","0-855b300d0773e3f961c8.js.map","1.45145e64dcda9ec3edf8.css","1-04c94c2d99dbe32175d6.js","1-04c94c2d99dbe32175d6.js.map","component---src-pages-contact-us-js-dd2804058ee9a63b2778.js","component---src-pages-contact-us-js-dd2804058ee9a63b2778.js.map"],"children":{},"childAssets":{}},"component---src-pages-contact-js":{"chunks":[0,1,7],"assets":["0-855b300d0773e3f961c8.js","0-855b300d0773e3f961c8.js.map","1.45145e64dcda9ec3edf8.css","1-04c94c2d99dbe32175d6.js","1-04c94c2d99dbe32175d6.js.map","component---src-pages-contact-js-d870a01753891ec7fffd.js","component---src-pages-contact-js-d870a01753891ec7fffd.js.map"],"children":{},"childAssets":{}},"component---src-pages-corporate-js":{"chunks":[0,1,9],"assets":["0-855b300d0773e3f961c8.js","0-855b300d0773e3f961c8.js.map","1.45145e64dcda9ec3edf8.css","1-04c94c2d99dbe32175d6.js","1-04c94c2d99dbe32175d6.js.map","component---src-pages-corporate-js.7cbb21cbad8ec6d0a424.css","component---src-pages-corporate-js-c28566e4539449c4f030.js","component---src-pages-corporate-js-c28566e4539449c4f030.js.map"],"children":{},"childAssets":{}},"component---src-pages-download-js":{"chunks":[0,1,10],"assets":["0-855b300d0773e3f961c8.js","0-855b300d0773e3f961c8.js.map","1.45145e64dcda9ec3edf8.css","1-04c94c2d99dbe32175d6.js","1-04c94c2d99dbe32175d6.js.map","component---src-pages-download-js-fbd2d641038bb1a92252.js","component---src-pages-download-js-fbd2d641038bb1a92252.js.map"],"children":{},"childAssets":{}},"component---src-pages-faq-js":{"chunks":[0,2,1,11],"assets":["0-855b300d0773e3f961c8.js","0-855b300d0773e3f961c8.js.map","2-702f345fa7c9f19f1765.js","2-702f345fa7c9f19f1765.js.map","1.45145e64dcda9ec3edf8.css","1-04c94c2d99dbe32175d6.js","1-04c94c2d99dbe32175d6.js.map","component---src-pages-faq-js.c1d78974e1ddec185ad0.css","component---src-pages-faq-js-6c9bf1e6c920d95669bd.js","component---src-pages-faq-js-6c9bf1e6c920d95669bd.js.map"],"children":{},"childAssets":{}},"component---src-pages-faqs-js":{"chunks":[0,2,1,12],"assets":["0-855b300d0773e3f961c8.js","0-855b300d0773e3f961c8.js.map","2-702f345fa7c9f19f1765.js","2-702f345fa7c9f19f1765.js.map","1.45145e64dcda9ec3edf8.css","1-04c94c2d99dbe32175d6.js","1-04c94c2d99dbe32175d6.js.map","component---src-pages-faqs-js.c1d78974e1ddec185ad0.css","component---src-pages-faqs-js-63fb5bfe5fb5df4f40cf.js","component---src-pages-faqs-js-63fb5bfe5fb5df4f40cf.js.map"],"children":{},"childAssets":{}},"component---src-pages-fit-squad-js":{"chunks":[0,1,13],"assets":["0-855b300d0773e3f961c8.js","0-855b300d0773e3f961c8.js.map","1.45145e64dcda9ec3edf8.css","1-04c94c2d99dbe32175d6.js","1-04c94c2d99dbe32175d6.js.map","component---src-pages-fit-squad-js.5cd4fb105d94a3a60c6a.css","component---src-pages-fit-squad-js-0fe6823ec3bd5c320bc4.js","component---src-pages-fit-squad-js-0fe6823ec3bd5c320bc4.js.map"],"children":{},"childAssets":{}},"component---src-pages-how-it-works-js":{"chunks":[0,1,14],"assets":["0-855b300d0773e3f961c8.js","0-855b300d0773e3f961c8.js.map","1.45145e64dcda9ec3edf8.css","1-04c94c2d99dbe32175d6.js","1-04c94c2d99dbe32175d6.js.map","component---src-pages-how-it-works-js.10562c2426721402891d.css","component---src-pages-how-it-works-js-c96e02512a85190399b9.js","component---src-pages-how-it-works-js-c96e02512a85190399b9.js.map"],"children":{},"childAssets":{}},"component---src-pages-how-to-refer-js":{"chunks":[0,1,15],"assets":["0-855b300d0773e3f961c8.js","0-855b300d0773e3f961c8.js.map","1.45145e64dcda9ec3edf8.css","1-04c94c2d99dbe32175d6.js","1-04c94c2d99dbe32175d6.js.map","component---src-pages-how-to-refer-js.5b76bb021c7272808e70.css","component---src-pages-how-to-refer-js-1f71b9811a315fecef48.js","component---src-pages-how-to-refer-js-1f71b9811a315fecef48.js.map"],"children":{},"childAssets":{}},"component---src-pages-index-js":{"chunks":[0,1,16],"assets":["0-855b300d0773e3f961c8.js","0-855b300d0773e3f961c8.js.map","1.45145e64dcda9ec3edf8.css","1-04c94c2d99dbe32175d6.js","1-04c94c2d99dbe32175d6.js.map","component---src-pages-index-js.9db9ac00ab6a8e4a591c.css","component---src-pages-index-js-2c642c3cc85d10cd6295.js","component---src-pages-index-js-2c642c3cc85d10cd6295.js.map"],"children":{},"childAssets":{}},"component---src-pages-partners-js":{"chunks":[0,2,1,17],"assets":["0-855b300d0773e3f961c8.js","0-855b300d0773e3f961c8.js.map","2-702f345fa7c9f19f1765.js","2-702f345fa7c9f19f1765.js.map","1.45145e64dcda9ec3edf8.css","1-04c94c2d99dbe32175d6.js","1-04c94c2d99dbe32175d6.js.map","component---src-pages-partners-js.1e7cf05b8c6d186c6014.css","component---src-pages-partners-js-607adf41911a56df406d.js","component---src-pages-partners-js-607adf41911a56df406d.js.map"],"children":{},"childAssets":{}},"component---src-pages-privacy-policy-js":{"chunks":[0,1,18],"assets":["0-855b300d0773e3f961c8.js","0-855b300d0773e3f961c8.js.map","1.45145e64dcda9ec3edf8.css","1-04c94c2d99dbe32175d6.js","1-04c94c2d99dbe32175d6.js.map","component---src-pages-privacy-policy-js-af9312011501cb763bc7.js","component---src-pages-privacy-policy-js-af9312011501cb763bc7.js.map"],"children":{},"childAssets":{}},"component---src-pages-purchase-fitato-js":{"chunks":[0,1,19],"assets":["0-855b300d0773e3f961c8.js","0-855b300d0773e3f961c8.js.map","1.45145e64dcda9ec3edf8.css","1-04c94c2d99dbe32175d6.js","1-04c94c2d99dbe32175d6.js.map","component---src-pages-purchase-fitato-js-48ac8f488701e515b58e.js","component---src-pages-purchase-fitato-js-48ac8f488701e515b58e.js.map"],"children":{},"childAssets":{}},"component---src-pages-reviews-js":{"chunks":[0,1,20],"assets":["0-855b300d0773e3f961c8.js","0-855b300d0773e3f961c8.js.map","1.45145e64dcda9ec3edf8.css","1-04c94c2d99dbe32175d6.js","1-04c94c2d99dbe32175d6.js.map","component---src-pages-reviews-js.e703cb24eab59f98249e.css","component---src-pages-reviews-js-fc3ee4a287ac6dd97f5f.js","component---src-pages-reviews-js-fc3ee4a287ac6dd97f5f.js.map"],"children":{},"childAssets":{}},"component---src-pages-thank-you-js":{"chunks":[0,1,21],"assets":["0-855b300d0773e3f961c8.js","0-855b300d0773e3f961c8.js.map","1.45145e64dcda9ec3edf8.css","1-04c94c2d99dbe32175d6.js","1-04c94c2d99dbe32175d6.js.map","component---src-pages-thank-you-js-85034435a80a8599b772.js","component---src-pages-thank-you-js-85034435a80a8599b772.js.map"],"children":{},"childAssets":{}},"pages-manifest":{"chunks":[22],"assets":["pages-manifest-5c4a6ff65413b9cf8226.js","pages-manifest-5c4a6ff65413b9cf8226.js.map"],"children":{},"childAssets":{}}},