{"errors":[],"warnings":[],"namedChunkGroups":{"app":{"chunks":[23,3],"assets":["webpack-runtime-a229922379b33e72b45f.js","webpack-runtime-a229922379b33e72b45f.js.map","app-9a8b9fb604de22d76a3b.js","app-9a8b9fb604de22d76a3b.js.map"],"children":{},"childAssets":{}},"component---src-pages-404-js":{"chunks":[0,1,4],"assets":["0-788b16462265dbd4a229.js","0-788b16462265dbd4a229.js.map","1.45145e64dcda9ec3edf8.css","1-40c2132d1346b4e025c9.js","1-40c2132d1346b4e025c9.js.map","component---src-pages-404-js-93bc7be5ddcddfbfb555.js","component---src-pages-404-js-93bc7be5ddcddfbfb555.js.map"],"children":{},"childAssets":{}},"component---src-pages-be-a-champion-js":{"chunks":[0,1,5],"assets":["0-788b16462265dbd4a229.js","0-788b16462265dbd4a229.js.map","1.45145e64dcda9ec3edf8.css","1-40c2132d1346b4e025c9.js","1-40c2132d1346b4e025c9.js.map","component---src-pages-be-a-champion-js.6309c7554b7ddf5732b8.css","component---src-pages-be-a-champion-js-a357b59dee6ee62836dc.js","component---src-pages-be-a-champion-js-a357b59dee6ee62836dc.js.map"],"children":{},"childAssets":{}},"component---src-pages-community-js":{"chunks":[0,1,6],"assets":["0-788b16462265dbd4a229.js","0-788b16462265dbd4a229.js.map","1.45145e64dcda9ec3edf8.css","1-40c2132d1346b4e025c9.js","1-40c2132d1346b4e025c9.js.map","component---src-pages-community-js.af9a455d932a77d76b08.css","component---src-pages-community-js-a5d0cc1217ca7c300785.js","component---src-pages-community-js-a5d0cc1217ca7c300785.js.map"],"children":{},"childAssets":{}},"component---src-pages-contact-us-js":{"chunks":[0,1,8],"assets":["0-788b16462265dbd4a229.js","0-788b16462265dbd4a229.js.map","1.45145e64dcda9ec3edf8.css","1-40c2132d1346b4e025c9.js","1-40c2132d1346b4e025c9.js.map","component---src-pages-contact-us-js-a2b0ae93b84363cd0421.js","component---src-pages-contact-us-js-a2b0ae93b84363cd0421.js.map"],"children":{},"childAssets":{}},"component---src-pages-contact-js":{"chunks":[0,1,7],"assets":["0-788b16462265dbd4a229.js","0-788b16462265dbd4a229.js.map","1.45145e64dcda9ec3edf8.css","1-40c2132d1346b4e025c9.js","1-40c2132d1346b4e025c9.js.map","component---src-pages-contact-js-2984a686d25e2de62038.js","component---src-pages-contact-js-2984a686d25e2de62038.js.map"],"children":{},"childAssets":{}},"component---src-pages-corporate-js":{"chunks":[0,1,9],"assets":["0-788b16462265dbd4a229.js","0-788b16462265dbd4a229.js.map","1.45145e64dcda9ec3edf8.css","1-40c2132d1346b4e025c9.js","1-40c2132d1346b4e025c9.js.map","component---src-pages-corporate-js.7cbb21cbad8ec6d0a424.css","component---src-pages-corporate-js-c8d5ad67029b4a9d31c7.js","component---src-pages-corporate-js-c8d5ad67029b4a9d31c7.js.map"],"children":{},"childAssets":{}},"component---src-pages-download-js":{"chunks":[0,1,10],"assets":["0-788b16462265dbd4a229.js","0-788b16462265dbd4a229.js.map","1.45145e64dcda9ec3edf8.css","1-40c2132d1346b4e025c9.js","1-40c2132d1346b4e025c9.js.map","component---src-pages-download-js-7b2d7fc8a53069f501c3.js","component---src-pages-download-js-7b2d7fc8a53069f501c3.js.map"],"children":{},"childAssets":{}},"component---src-pages-faq-js":{"chunks":[0,2,1,11],"assets":["0-788b16462265dbd4a229.js","0-788b16462265dbd4a229.js.map","2-b05e36d5d71d50eb6a20.js","2-b05e36d5d71d50eb6a20.js.map","1.45145e64dcda9ec3edf8.css","1-40c2132d1346b4e025c9.js","1-40c2132d1346b4e025c9.js.map","component---src-pages-faq-js.c1d78974e1ddec185ad0.css","component---src-pages-faq-js-6041f46222f74a32b7fd.js","component---src-pages-faq-js-6041f46222f74a32b7fd.js.map"],"children":{},"childAssets":{}},"component---src-pages-faqs-js":{"chunks":[0,2,1,12],"assets":["0-788b16462265dbd4a229.js","0-788b16462265dbd4a229.js.map","2-b05e36d5d71d50eb6a20.js","2-b05e36d5d71d50eb6a20.js.map","1.45145e64dcda9ec3edf8.css","1-40c2132d1346b4e025c9.js","1-40c2132d1346b4e025c9.js.map","component---src-pages-faqs-js.c1d78974e1ddec185ad0.css","component---src-pages-faqs-js-42411291004458ae931d.js","component---src-pages-faqs-js-42411291004458ae931d.js.map"],"children":{},"childAssets":{}},"component---src-pages-fit-squad-js":{"chunks":[0,1,13],"assets":["0-788b16462265dbd4a229.js","0-788b16462265dbd4a229.js.map","1.45145e64dcda9ec3edf8.css","1-40c2132d1346b4e025c9.js","1-40c2132d1346b4e025c9.js.map","component---src-pages-fit-squad-js.5cd4fb105d94a3a60c6a.css","component---src-pages-fit-squad-js-2f92921ddef063c5c70e.js","component---src-pages-fit-squad-js-2f92921ddef063c5c70e.js.map"],"children":{},"childAssets":{}},"component---src-pages-how-it-works-js":{"chunks":[0,1,14],"assets":["0-788b16462265dbd4a229.js","0-788b16462265dbd4a229.js.map","1.45145e64dcda9ec3edf8.css","1-40c2132d1346b4e025c9.js","1-40c2132d1346b4e025c9.js.map","component---src-pages-how-it-works-js.10562c2426721402891d.css","component---src-pages-how-it-works-js-10e4e8eebc44a2d3ab56.js","component---src-pages-how-it-works-js-10e4e8eebc44a2d3ab56.js.map"],"children":{},"childAssets":{}},"component---src-pages-how-to-refer-js":{"chunks":[0,1,15],"assets":["0-788b16462265dbd4a229.js","0-788b16462265dbd4a229.js.map","1.45145e64dcda9ec3edf8.css","1-40c2132d1346b4e025c9.js","1-40c2132d1346b4e025c9.js.map","component---src-pages-how-to-refer-js.5b76bb021c7272808e70.css","component---src-pages-how-to-refer-js-079e59faab569e4a3730.js","component---src-pages-how-to-refer-js-079e59faab569e4a3730.js.map"],"children":{},"childAssets":{}},"component---src-pages-index-js":{"chunks":[0,1,16],"assets":["0-788b16462265dbd4a229.js","0-788b16462265dbd4a229.js.map","1.45145e64dcda9ec3edf8.css","1-40c2132d1346b4e025c9.js","1-40c2132d1346b4e025c9.js.map","component---src-pages-index-js.9db9ac00ab6a8e4a591c.css","component---src-pages-index-js-395f7ac107d5a035edc6.js","component---src-pages-index-js-395f7ac107d5a035edc6.js.map"],"children":{},"childAssets":{}},"component---src-pages-partners-js":{"chunks":[0,2,1,17],"assets":["0-788b16462265dbd4a229.js","0-788b16462265dbd4a229.js.map","2-b05e36d5d71d50eb6a20.js","2-b05e36d5d71d50eb6a20.js.map","1.45145e64dcda9ec3edf8.css","1-40c2132d1346b4e025c9.js","1-40c2132d1346b4e025c9.js.map","component---src-pages-partners-js.1e7cf05b8c6d186c6014.css","component---src-pages-partners-js-d9a662520e01f2b4f294.js","component---src-pages-partners-js-d9a662520e01f2b4f294.js.map"],"children":{},"childAssets":{}},"component---src-pages-privacy-policy-js":{"chunks":[0,1,18],"assets":["0-788b16462265dbd4a229.js","0-788b16462265dbd4a229.js.map","1.45145e64dcda9ec3edf8.css","1-40c2132d1346b4e025c9.js","1-40c2132d1346b4e025c9.js.map","component---src-pages-privacy-policy-js-c0a5d853dbbc06c2792e.js","component---src-pages-privacy-policy-js-c0a5d853dbbc06c2792e.js.map"],"children":{},"childAssets":{}},"component---src-pages-purchase-fitato-js":{"chunks":[0,1,19],"assets":["0-788b16462265dbd4a229.js","0-788b16462265dbd4a229.js.map","1.45145e64dcda9ec3edf8.css","1-40c2132d1346b4e025c9.js","1-40c2132d1346b4e025c9.js.map","component---src-pages-purchase-fitato-js-4e86786b89aba21164e6.js","component---src-pages-purchase-fitato-js-4e86786b89aba21164e6.js.map"],"children":{},"childAssets":{}},"component---src-pages-reviews-js":{"chunks":[0,1,20],"assets":["0-788b16462265dbd4a229.js","0-788b16462265dbd4a229.js.map","1.45145e64dcda9ec3edf8.css","1-40c2132d1346b4e025c9.js","1-40c2132d1346b4e025c9.js.map","component---src-pages-reviews-js.e703cb24eab59f98249e.css","component---src-pages-reviews-js-d367ec0576873a4e179a.js","component---src-pages-reviews-js-d367ec0576873a4e179a.js.map"],"children":{},"childAssets":{}},"component---src-pages-thank-you-js":{"chunks":[0,1,21],"assets":["0-788b16462265dbd4a229.js","0-788b16462265dbd4a229.js.map","1.45145e64dcda9ec3edf8.css","1-40c2132d1346b4e025c9.js","1-40c2132d1346b4e025c9.js.map","component---src-pages-thank-you-js-9ef19a959af95b40ea9e.js","component---src-pages-thank-you-js-9ef19a959af95b40ea9e.js.map"],"children":{},"childAssets":{}},"pages-manifest":{"chunks":[22],"assets":["pages-manifest-a77eb3b5b3f3f1e4ec51.js","pages-manifest-a77eb3b5b3f3f1e4ec51.js.map"],"children":{},"childAssets":{}}},