{"errors":[],"warnings":[],"namedChunkGroups":{"app":{"chunks":[16,3],"assets":["webpack-runtime-242b31a9f9f313a1eb51.js","webpack-runtime-242b31a9f9f313a1eb51.js.map","app-61d89a3b227540951ecf.js","app-61d89a3b227540951ecf.js.map"],"children":{},"childAssets":{}},"component---src-pages-404-js":{"chunks":[0,1,4],"assets":["0-f2dfc295b53413e756ea.js","0-f2dfc295b53413e756ea.js.map","1.06846487b098398789fd.css","1-02757cdb8c3abf8ab1cb.js","1-02757cdb8c3abf8ab1cb.js.map","component---src-pages-404-js-560413d63d18cc9e1b97.js","component---src-pages-404-js-560413d63d18cc9e1b97.js.map"],"children":{},"childAssets":{}},"component---src-pages-contact-js":{"chunks":[0,1,5],"assets":["0-f2dfc295b53413e756ea.js","0-f2dfc295b53413e756ea.js.map","1.06846487b098398789fd.css","1-02757cdb8c3abf8ab1cb.js","1-02757cdb8c3abf8ab1cb.js.map","component---src-pages-contact-js-c723727ce259857e6c03.js","component---src-pages-contact-js-c723727ce259857e6c03.js.map"],"children":{},"childAssets":{}},"component---src-pages-download-js":{"chunks":[0,1,6],"assets":["0-f2dfc295b53413e756ea.js","0-f2dfc295b53413e756ea.js.map","1.06846487b098398789fd.css","1-02757cdb8c3abf8ab1cb.js","1-02757cdb8c3abf8ab1cb.js.map","component---src-pages-download-js-c8b2defef8cbe24fb88c.js","component---src-pages-download-js-c8b2defef8cbe24fb88c.js.map"],"children":{},"childAssets":{}},"component---src-pages-faq-js":{"chunks":[0,2,1,7],"assets":["0-f2dfc295b53413e756ea.js","0-f2dfc295b53413e756ea.js.map","2-3a47b4d535d3c48da3af.js","2-3a47b4d535d3c48da3af.js.map","1.06846487b098398789fd.css","1-02757cdb8c3abf8ab1cb.js","1-02757cdb8c3abf8ab1cb.js.map","component---src-pages-faq-js.7591fa2848ad9fe89610.css","component---src-pages-faq-js-9b2b82bc25535e3b5442.js","component---src-pages-faq-js-9b2b82bc25535e3b5442.js.map"],"children":{},"childAssets":{}},"component---src-pages-fit-squad-js":{"chunks":[0,1,8],"assets":["0-f2dfc295b53413e756ea.js","0-f2dfc295b53413e756ea.js.map","1.06846487b098398789fd.css","1-02757cdb8c3abf8ab1cb.js","1-02757cdb8c3abf8ab1cb.js.map","component---src-pages-fit-squad-js.2a43c6f7f215aee6842e.css","component---src-pages-fit-squad-js-65c30064e2d213595ea3.js","component---src-pages-fit-squad-js-65c30064e2d213595ea3.js.map"],"children":{},"childAssets":{}},"component---src-pages-index-js":{"chunks":[0,1,9],"assets":["0-f2dfc295b53413e756ea.js","0-f2dfc295b53413e756ea.js.map","1.06846487b098398789fd.css","1-02757cdb8c3abf8ab1cb.js","1-02757cdb8c3abf8ab1cb.js.map","component---src-pages-index-js.a7567f61d2f329aaee18.css","component---src-pages-index-js-0d66872304a721686dd9.js","component---src-pages-index-js-0d66872304a721686dd9.js.map"],"children":{},"childAssets":{}},"component---src-pages-partners-js":{"chunks":[0,2,1,10],"assets":["0-f2dfc295b53413e756ea.js","0-f2dfc295b53413e756ea.js.map","2-3a47b4d535d3c48da3af.js","2-3a47b4d535d3c48da3af.js.map","1.06846487b098398789fd.css","1-02757cdb8c3abf8ab1cb.js","1-02757cdb8c3abf8ab1cb.js.map","component---src-pages-partners-js.5ab2e392a3e5ad634a3e.css","component---src-pages-partners-js-85fba939c2c7dd93a786.js","component---src-pages-partners-js-85fba939c2c7dd93a786.js.map"],"children":{},"childAssets":{}},"component---src-pages-privacy-policy-js":{"chunks":[0,1,11],"assets":["0-f2dfc295b53413e756ea.js","0-f2dfc295b53413e756ea.js.map","1.06846487b098398789fd.css","1-02757cdb8c3abf8ab1cb.js","1-02757cdb8c3abf8ab1cb.js.map","component---src-pages-privacy-policy-js-248973adb99f120bdc17.js","component---src-pages-privacy-policy-js-248973adb99f120bdc17.js.map"],"children":{},"childAssets":{}},"component---src-pages-purchase-fitato-js":{"chunks":[0,1,12],"assets":["0-f2dfc295b53413e756ea.js","0-f2dfc295b53413e756ea.js.map","1.06846487b098398789fd.css","1-02757cdb8c3abf8ab1cb.js","1-02757cdb8c3abf8ab1cb.js.map","component---src-pages-purchase-fitato-js-9652c4f6500346a41fe9.js","component---src-pages-purchase-fitato-js-9652c4f6500346a41fe9.js.map"],"children":{},"childAssets":{}},"component---src-pages-reviews-js":{"chunks":[0,1,13],"assets":["0-f2dfc295b53413e756ea.js","0-f2dfc295b53413e756ea.js.map","1.06846487b098398789fd.css","1-02757cdb8c3abf8ab1cb.js","1-02757cdb8c3abf8ab1cb.js.map","component---src-pages-reviews-js.141eeb4f934fdfb2c446.css","component---src-pages-reviews-js-c15823aa51a3be5dd031.js","component---src-pages-reviews-js-c15823aa51a3be5dd031.js.map"],"children":{},"childAssets":{}},"component---src-pages-thank-you-js":{"chunks":[0,1,14],"assets":["0-f2dfc295b53413e756ea.js","0-f2dfc295b53413e756ea.js.map","1.06846487b098398789fd.css","1-02757cdb8c3abf8ab1cb.js","1-02757cdb8c3abf8ab1cb.js.map","component---src-pages-thank-you-js-0f350ec37bbc1e64d5ac.js","component---src-pages-thank-you-js-0f350ec37bbc1e64d5ac.js.map"],"children":{},"childAssets":{}}},"assetsByChunkName":{"app":["webpack-runtime-242b31a9f9f313a1eb51.js","app-61d89a3b227540951ecf.js"],"component---src-pages-404-js":["0-f2dfc295b53413e756ea.js","1.06846487b098398789fd.css","1-02757cdb8c3abf8ab1cb.js","component---src-pages-404-js-560413d63d18cc9e1b97.js"],"component---src-pages-contact-js":["0-f2dfc295b53413e756ea.js","1.06846487b098398789fd.css","1-02757cdb8c3abf8ab1cb.js","component---src-pages-contact-js-c723727ce259857e6c03.js"],"component---src-pages-download-js":["0-f2dfc295b53413e756ea.js","1.06846487b098398789fd.css","1-02757cdb8c3abf8ab1cb.js","component---src-pages-download-js-c8b2defef8cbe24fb88c.js"],"component---src-pages-faq-js":["0-f2dfc295b53413e756ea.js","2-3a47b4d535d3c48da3af.js","1.06846487b098398789fd.css","1-02757cdb8c3abf8ab1cb.js","component---src-pages-faq-js.7591fa2848ad9fe89610.css","component---src-pages-faq-js-9b2b82bc25535e3b5442.js"],"component---src-pages-fit-squad-js":["0-f2dfc295b53413e756ea.js","1.06846487b098398789fd.css","1-02757cdb8c3abf8ab1cb.js","component---src-pages-fit-squad-js.2a43c6f7f215aee6842e.css","component---src-pages-fit-squad-js-65c30064e2d213595ea3.js"],"component---src-pages-index-js":["0-f2dfc295b53413e756ea.js","1.06846487b098398789fd.css","1-02757cdb8c3abf8ab1cb.js","component---src-pages-index-js.a7567f61d2f329aaee18.css","component---src-pages-index-js-0d66872304a721686dd9.js"],"component---src-pages-partners-js":["0-f2dfc295b53413e756ea.js","2-3a47b4d535d3c48da3af.js","1.06846487b098398789fd.css","1-02757cdb8c3abf8ab1cb.js","component---src-pages-partners-js.5ab2e392a3e5ad634a3e.css","component---src-pages-partners-js-85fba939c2c7dd93a786.js"],"component---src-pages-privacy-policy-js":["0-f2dfc295b53413e756ea.js","1.06846487b098398789fd.css","1-02757cdb8c3abf8ab1cb.js","component---src-pages-privacy-policy-js-248973adb99f120bdc17.js"],"component---src-pages-purchase-fitato-js":["0-f2dfc295b53413e756ea.js","1.06846487b098398789fd.css","1-02757cdb8c3abf8ab1cb.js","component---src-pages-purchase-fitato-js-9652c4f6500346a41fe9.js"],"component---src-pages-reviews-js":["0-f2dfc295b53413e756ea.js","1.06846487b098398789fd.css","1-02757cdb8c3abf8ab1cb.js","component---src-pages-reviews-js.141eeb4f934fdfb2c446.css","component---src-pages-reviews-js-c15823aa51a3be5dd031.js"],"component---src-pages-thank-you-js":["0-f2dfc295b53413e756ea.js","1.06846487b098398789fd.css","1-02757cdb8c3abf8ab1cb.js","component---src-pages-thank-you-js-0f350ec37bbc1e64d5ac.js"]}}