{"errors":[],"warnings":[],"namedChunkGroups":{"app":{"chunks":[19,3],"assets":["webpack-runtime-621cb9262ee215df1934.js","webpack-runtime-621cb9262ee215df1934.js.map","app-8e71f21660cb56e7db0b.js","app-8e71f21660cb56e7db0b.js.map"],"children":{},"childAssets":{}},"component---src-pages-404-js":{"chunks":[0,1,4],"assets":["0-5e9d4b18b4a2b714484e.js","0-5e9d4b18b4a2b714484e.js.map","1.075614c8ca96a7094b1d.css","1-c116ee9f66dee669fe89.js","1-c116ee9f66dee669fe89.js.map","component---src-pages-404-js-d04c2b59d3deb630b1cb.js","component---src-pages-404-js-d04c2b59d3deb630b1cb.js.map"],"children":{},"childAssets":{}},"component---src-pages-contact-us-js":{"chunks":[0,1,5],"assets":["0-5e9d4b18b4a2b714484e.js","0-5e9d4b18b4a2b714484e.js.map","1.075614c8ca96a7094b1d.css","1-c116ee9f66dee669fe89.js","1-c116ee9f66dee669fe89.js.map","component---src-pages-contact-us-js-bf6d94d2986e3d0eb876.js","component---src-pages-contact-us-js-bf6d94d2986e3d0eb876.js.map"],"children":{},"childAssets":{}},"component---src-pages-contact-js":{"chunks":[0,1,6],"assets":["0-5e9d4b18b4a2b714484e.js","0-5e9d4b18b4a2b714484e.js.map","1.075614c8ca96a7094b1d.css","1-c116ee9f66dee669fe89.js","1-c116ee9f66dee669fe89.js.map","component---src-pages-contact-js-dc2d01757d591d5377bc.js","component---src-pages-contact-js-dc2d01757d591d5377bc.js.map"],"children":{},"childAssets":{}},"component---src-pages-download-js":{"chunks":[0,1,7],"assets":["0-5e9d4b18b4a2b714484e.js","0-5e9d4b18b4a2b714484e.js.map","1.075614c8ca96a7094b1d.css","1-c116ee9f66dee669fe89.js","1-c116ee9f66dee669fe89.js.map","component---src-pages-download-js-2bb46eecc2bf650efd86.js","component---src-pages-download-js-2bb46eecc2bf650efd86.js.map"],"children":{},"childAssets":{}},"component---src-pages-faq-js":{"chunks":[0,2,1,8],"assets":["0-5e9d4b18b4a2b714484e.js","0-5e9d4b18b4a2b714484e.js.map","2-09d11a915b24e72a634a.js","2-09d11a915b24e72a634a.js.map","1.075614c8ca96a7094b1d.css","1-c116ee9f66dee669fe89.js","1-c116ee9f66dee669fe89.js.map","component---src-pages-faq-js.c1d78974e1ddec185ad0.css","component---src-pages-faq-js-933ebaf88752bdcb95a9.js","component---src-pages-faq-js-933ebaf88752bdcb95a9.js.map"],"children":{},"childAssets":{}},"component---src-pages-faqs-js":{"chunks":[0,2,1,9],"assets":["0-5e9d4b18b4a2b714484e.js","0-5e9d4b18b4a2b714484e.js.map","2-09d11a915b24e72a634a.js","2-09d11a915b24e72a634a.js.map","1.075614c8ca96a7094b1d.css","1-c116ee9f66dee669fe89.js","1-c116ee9f66dee669fe89.js.map","component---src-pages-faqs-js.c1d78974e1ddec185ad0.css","component---src-pages-faqs-js-622a8c3a7883246f6973.js","component---src-pages-faqs-js-622a8c3a7883246f6973.js.map"],"children":{},"childAssets":{}},"component---src-pages-fit-squad-js":{"chunks":[0,1,10],"assets":["0-5e9d4b18b4a2b714484e.js","0-5e9d4b18b4a2b714484e.js.map","1.075614c8ca96a7094b1d.css","1-c116ee9f66dee669fe89.js","1-c116ee9f66dee669fe89.js.map","component---src-pages-fit-squad-js.5cd4fb105d94a3a60c6a.css","component---src-pages-fit-squad-js-488febb2ebc5fcc0c23c.js","component---src-pages-fit-squad-js-488febb2ebc5fcc0c23c.js.map"],"children":{},"childAssets":{}},"component---src-pages-how-to-refer-js":{"chunks":[0,1,11],"assets":["0-5e9d4b18b4a2b714484e.js","0-5e9d4b18b4a2b714484e.js.map","1.075614c8ca96a7094b1d.css","1-c116ee9f66dee669fe89.js","1-c116ee9f66dee669fe89.js.map","component---src-pages-how-to-refer-js.5b76bb021c7272808e70.css","component---src-pages-how-to-refer-js-2cd6f7fca1ddfaa67d34.js","component---src-pages-how-to-refer-js-2cd6f7fca1ddfaa67d34.js.map"],"children":{},"childAssets":{}},"component---src-pages-index-js":{"chunks":[0,1,12],"assets":["0-5e9d4b18b4a2b714484e.js","0-5e9d4b18b4a2b714484e.js.map","1.075614c8ca96a7094b1d.css","1-c116ee9f66dee669fe89.js","1-c116ee9f66dee669fe89.js.map","component---src-pages-index-js.6efe3c4bddc212777980.css","component---src-pages-index-js-1c038de3c1dd4183ce52.js","component---src-pages-index-js-1c038de3c1dd4183ce52.js.map"],"children":{},"childAssets":{}},"component---src-pages-partners-js":{"chunks":[0,2,1,13],"assets":["0-5e9d4b18b4a2b714484e.js","0-5e9d4b18b4a2b714484e.js.map","2-09d11a915b24e72a634a.js","2-09d11a915b24e72a634a.js.map","1.075614c8ca96a7094b1d.css","1-c116ee9f66dee669fe89.js","1-c116ee9f66dee669fe89.js.map","component---src-pages-partners-js.1e7cf05b8c6d186c6014.css","component---src-pages-partners-js-8eab1c0f4d83dd6aa6a7.js","component---src-pages-partners-js-8eab1c0f4d83dd6aa6a7.js.map"],"children":{},"childAssets":{}},"component---src-pages-privacy-policy-js":{"chunks":[0,1,14],"assets":["0-5e9d4b18b4a2b714484e.js","0-5e9d4b18b4a2b714484e.js.map","1.075614c8ca96a7094b1d.css","1-c116ee9f66dee669fe89.js","1-c116ee9f66dee669fe89.js.map","component---src-pages-privacy-policy-js-bb091362fc074e377c13.js","component---src-pages-privacy-policy-js-bb091362fc074e377c13.js.map"],"children":{},"childAssets":{}},"component---src-pages-purchase-fitato-js":{"chunks":[0,1,15],"assets":["0-5e9d4b18b4a2b714484e.js","0-5e9d4b18b4a2b714484e.js.map","1.075614c8ca96a7094b1d.css","1-c116ee9f66dee669fe89.js","1-c116ee9f66dee669fe89.js.map","component---src-pages-purchase-fitato-js-7b0b35fd8f108cd4c48f.js","component---src-pages-purchase-fitato-js-7b0b35fd8f108cd4c48f.js.map"],"children":{},"childAssets":{}},"component---src-pages-reviews-js":{"chunks":[0,1,16],"assets":["0-5e9d4b18b4a2b714484e.js","0-5e9d4b18b4a2b714484e.js.map","1.075614c8ca96a7094b1d.css","1-c116ee9f66dee669fe89.js","1-c116ee9f66dee669fe89.js.map","component---src-pages-reviews-js.e703cb24eab59f98249e.css","component---src-pages-reviews-js-dd275daa6cf4c6cd7f34.js","component---src-pages-reviews-js-dd275daa6cf4c6cd7f34.js.map"],"children":{},"childAssets":{}},"component---src-pages-thank-you-js":{"chunks":[0,1,17],"assets":["0-5e9d4b18b4a2b714484e.js","0-5e9d4b18b4a2b714484e.js.map","1.075614c8ca96a7094b1d.css","1-c116ee9f66dee669fe89.js","1-c116ee9f66dee669fe89.js.map","component---src-pages-thank-you-js-26ca52e6251f87cb3155.js","component---src-pages-thank-you-js-26ca52e6251f87cb3155.js.map"],"children":{},"childAssets":{}}},"assetsByChunkName":{"app":["webpack-runtime-621cb9262ee215df1934.js","app-8e71f21660cb56e7db0b.js"],"component---src-pages-404-js":["0-5e9d4b18b4a2b714484e.js","1.075614c8ca96a7094b1d.css","1-c116ee9f66dee669fe89.js","component---src-pages-404-js-d04c2b59d3deb630b1cb.js"],"component---src-pages-contact-us-js":["0-5e9d4b18b4a2b714484e.js","1.075614c8ca96a7094b1d.css","1-c116ee9f66dee669fe89.js","component---src-pages-contact-us-js-bf6d94d2986e3d0eb876.js"],"component---src-pages-contact-js":["0-5e9d4b18b4a2b714484e.js","1.075614c8ca96a7094b1d.css","1-c116ee9f66dee669fe89.js","component---src-pages-contact-js-dc2d01757d591d5377bc.js"],"component---src-pages-download-js":["0-5e9d4b18b4a2b714484e.js","1.075614c8ca96a7094b1d.css","1-c116ee9f66dee669fe89.js","component---src-pages-download-js-2bb46eecc2bf650efd86.js"],"component---src-pages-faq-js":["0-5e9d4b18b4a2b714484e.js","2-09d11a915b24e72a634a.js","1.075614c8ca96a7094b1d.css","1-c116ee9f66dee669fe89.js","component---src-pages-faq-js.c1d78974e1ddec185ad0.css","component---src-pages-faq-js-933ebaf88752bdcb95a9.js"],"component---src-pages-faqs-js":["0-5e9d4b18b4a2b714484e.js","2-09d11a915b24e72a634a.js","1.075614c8ca96a7094b1d.css","1-c116ee9f66dee669fe89.js","component---src-pages-faqs-js.c1d78974e1ddec185ad0.css","component---src-pages-faqs-js-622a8c3a7883246f6973.js"],"component---src-pages-fit-squad-js":["0-5e9d4b18b4a2b714484e.js","1.075614c8ca96a7094b1d.css","1-c116ee9f66dee669fe89.js","component---src-pages-fit-squad-js.5cd4fb105d94a3a60c6a.css","component---src-pages-fit-squad-js-488febb2ebc5fcc0c23c.js"],"component---src-pages-how-to-refer-js":["0-5e9d4b18b4a2b714484e.js","1.075614c8ca96a7094b1d.css","1-c116ee9f66dee669fe89.js","component---src-pages-how-to-refer-js.5b76bb021c7272808e70.css","component---src-pages-how-to-refer-js-2cd6f7fca1ddfaa67d34.js"],